7 28200500 28250500 INS INSLIB:EREG.1.233|320|444|594|4628 11 AAAAAA^TTT
16 27010485 27060485 INS INSLIB:CALB2.2.164|241|331|412|469|547|603|675|1363 13 AAAAAAAA^TTTT
5 64265344 64315344 INS INSLIB:PQLC1.0.1764|1981|2035|2169|2321|2623 11 AAAAAAA^TTT
3 59238378 59288378 INS INSLIB:BCCIP.2.188|263|344|434|622|797|2349 19 AAAAAAAAAA^TTTT
10 47512946 47562946 INS INSLIB:AKR1A1.0.330|420|540|1753 19 AAAAAAAAA^TTT
10 28789013 28839013 INS INSLIB:AFAP1L2.5.1244|1367|1549|1705|1874|2120|2232|2378|2590|2695|2780|2870|3050|3256|3340|3431|3526|3601|3730|4047 7 AAAAAAAAAA^TTT
9 29362457 29412457 INS INSLIB:AFAP1L2.1.1244|1367|1549|1705|1874|2120|2232|2378|2606 19 AAAAAAAAAA^TTTTT
11 110331653 110381653 INS INSLIB:CALB2.0.164|241|331|412|469|547|603|643|697|769|1457 9 AAAAAAA^TT
14 35666583 35716583 INS INSLIB:AFAP1L1.1.147|276|360|458|567|666|878|1058|1151|1245|1398|1610|1756|1829|1941|2106|2285|2414|4210 12 AAAAAAAAAA^TTT
14 513456 563456 INS INSLIB:PQLC1.1.1764|1981|2035|2169|2471|2544 11 AAAAAA^TTTT
18 39750387 39800387 INS INSLIB:BCCIP.0.188|263|344|434|622|797|1248 9 AAAAAA^TTTT
19 27730375 27780375 INS INSLIB:BCCIP.6.516|698|886|1036|1228|1387|1487|1730|2103|2297|3070 9 AAAAAAAA^TTTT
21 37966147 38016147 INS INSLIB:AFAP1L2.4.1244|1367|1561|1717|1886|2132|2244|2390|2602|2707|2792|2882|3062|3268|3359|3518|3613|3688|3817|4134 19 AAAAAA^TTTT
10 58014077 58064077 INS INSLIB:EREG.0.233|320|1291 9 AAAAAAAAA^TT
7 65336176 65386176 INS INSLIB:AFAP1.2.5079|5244|5435|5600|5715|5833|5979|6191|6341|6423|6519|6699|6911|7020|7118|7247|7518 19 AAAAAA^TTTTT
22 29181044 29231044 INS INSLIB:AFAP1L2.6.2275|2469|2625|2794|3040|3704 10 AAAAAAAAA^TTT
20 4033358 4083358 INS INSLIB:ZIC5.0.2799|4597 20 AAAAAA^TT
18 33383215 33433215 INS INSLIB:TBC1D22B.3.284|391|467|595|691|1008 17 AAAAAA^TTT
10 134658315 134708315 INS INSLIB:PQLC1.2.1764|1981|2115|2417|2490 19 AAAAAAAAA^TTTT
14 106716403 106766403 INS INSLIB:AKR1A1.1.330|458|548|668|820|1016|1216|1289|1376|1534 19 AAAAAAA^TTTT
16 11282447 11332447 INS INSLIB:AFAP1-AS1.1.5079|5244|5435|5600|5715|5967|6085|6231|6443|6593|6675|6771|6951|7163|7272|7370|7499|7770 18 AAAAAAAAAA^TTTT
6 94154515 94204515 INS INSLIB:BCCIP.3.188|263|344|532|707|2259 13 AAAAA^TTTT
9 135856014 135906014 INS INSLIB:AFAP1-AS1.2.5079|5244|5435|5600|5715|5833|5979|6191|6341|6423|6519|6699|6911|7020|7118|7247|7518 15 AAAAA^TTTT
7 31533875 31583875 INS INSLIB:CALB2.1.164|241|331|412|469|547|603|657|729|1417 7 AAAAAAAAA^TT
8 57257690 57307690 INS INSLIB:UQCR10.0.239|975 11 AAAAAA^TT
10 44888138 44938138 INS INSLIB:UQCR10.1.180|916 16 AAAAAAAA^TT
2 163942433 163992433 INS INSLIB:PQLC1.3.1764|1898|2200|2273 8 AAAAAAAA^TTTTT
5 136091663 136141663 INS INSLIB:AFAP1L2.7.156|322|568|680|826|1038|1143|1228|1318|1498|1704|1795|1890|1965|2094|2411 16 AAAAAAA^TTTTT
13 83827274 83877274 INS INSLIB:TBC1D22B.0.1399|1992 18 AAAAAAA^TTTTT
10 94345309 94395309 INS INSLIB:AFAP1L1.2.147|276|360|458|567|666|878|1058|1151|1245|1398|1610|1756|1829|1941|2106|2285|4081 16 AAAAAA^TTT
11 117580949 117630949 INS INSLIB:AFAP1-AS1.0.70|6792 10 AAAAA^TT
2 214616253 214666253 INS INSLIB:TBC1D22B.4.284|391|467|595|691|2617 12 AAAAAA^TT
21 35637811 35687811 INS INSLIB:AFAP1L1.0.147|276|360|458|567|666|878|1058|1321 18 AAAAA^TTTT
14 68398446 68448446 INS INSLIB:AFAP1L2.2.1244|1367|1561|1717|1886|2132|2244|2390|2602|2707|2792|2882|3062|3268|3359|3454|3529|3658|3975 14 AAAAA^TTT
19 40967693 41017693 INS INSLIB:AKR1A1.3.629|702|789|947 18 AAAAAAAA^TTT
7 14033191 14083191 INS INSLIB:BCCIP.4.188|263|344|434|622|797|873|1443 8 AAAAAAA^TTT
10 34207535 34257535 INS INSLIB:BCCIP.5.516|698|886|1036|1228|1387|1487|2386 10 AAAAAAAAA^TTTT
19 23754359 23804359 INS INSLIB:AFAP1L1.3.275|428|640|786|859|971|1136|1315|1444|3240 9 AAAAAAAA^TTT
20 38964954 39014954 INS INSLIB:AFAP1L2.3.1244|1367|1549|1705|1874|2120|2232|2378|2590|2695|2780|2870|3050|3256|3347|3442|3517|3646|3963 11 AAAAA^TTTTT
8 97505168 97555168 INS INSLIB:TBC1D22B.1.202|259|567|747|818|947|1013|1128|1235|1311|1439|1535|3461 11 AAAAA^TTTT
1 79774347 79824347 INS INSLIB:BCCIP.7.516|698|886|1036|1228|1387|1487|1730|2103|2297|2826|3067 15 AAAAAAAAAA^TTTT
11 130748110 130798110 INS INSLIB:IBA57.0.430|768|7903 20 AAAAA^TTTTT
10 46236245 46286245 INS INSLIB:AFAP1L2.0.1244|1367|1561|1717|1883|1995 12 AAAAAAAA^TTTTT
16 27851794 27901794 INS INSLIB:AFAP1.0.70|6792 12 AAAAAAAAA^TTTT
1 203124948 203174948 INS INSLIB:IBA57.1.61|399|7534 12 AAAAA^TTT
21 13636001 13686001 INS INSLIB:TBC1D22B.2.202|259|567|747|879|1008|1074|1189|1296|1372|1500|1596|3522 12 AAAAAAAAA^TT
9 163222 213222 INS INSLIB:AFAP1.1.5079|5244|5435|5600|5715|5967|6085|6231|6443|6593|6675|6771|6951|7163|7272|7370|7499|7770 14 AAAAAAAA^TTT
20 35653662 35703662 INS INSLIB:AKR1A1.2.330|420|540|692|888|1088|1161|1248|1406 18 AAAAAA^TTTT
19 53505444 53555444 INS INSLIB:AKR1A1.4.196|396|476|563|721 10 AAAAA^TTTT
3 175631280 175681280 INS INSLIB:BCCIP.1.188|263|344|434|622|797|1017 16 AAAAA^TTT
